username,ticket
john_doe,Lodi000001
jane_smith,Lodi000002
alice_wonder,Lodi000003
bob_builder,Lodi000004
john_doe,Lodi000005
charlie_brown,Lodi000006
diana_prince,Lodi000007
ethan_hunt,Lodi000008
fiona_shrek,Lodi000009
george_jungle,Lodi000010
harry_potter,Lodi000011
jane_smith,Lodi000012
ian_malcolm,Lodi000013
julia_roberts,Lodi000014
kevin_hart,Lodi000015
lucy_liu,Lodi000016
mike_wazowski,Lodi000017
nancy_drew,Lodi000018
oscar_grouch,Lodi000019
penny_lane,Lodi000020
quentin_cook,Lodi000021
rachel_green,Lodi000022
steve_rogers,Lodi000023
tony_stark,Lodi000024
una_stubbs,Lodi000025
victor_frankenstein,Lodi000026
wendy_darling,Lodi000027
xander_harris,Lodi000028
yoda_master,Lodi000029
zoe_saldana,Lodi000030
alice_wonder,Lodi000031
bob_builder,Lodi000032
charlie_brown,Lodi000033
diana_prince,Lodi000034
ethan_hunt,Lodi000035